Error186.75694180523675 a = 1.9596, Multipliers,,43.81403432208448,0.8701956307526365,23.50913361233155,0.6135422603168263,68.320910875763,0.5919978943711263,25.499478960393727
,Coordinates,,3.1571304535342537,1.2933183140343867,-2.2986846967392114,-0.8784984134705841,-2.955974412729144,0.3177314760697663,2.3960008609037935
Multipliers,Coordinates,,StAndrewsLodge,LoyalNine,NorthCaucus,LongRoomClub,TeaParty,BostonCommittee,LondonEnemies
0.9257001487597485,-0.25232970831437873,Adams.John,    0.02,    0.16,    1.30,    0.43,    0.49,    0.44,    0.22
1.7166718296254522,0.0064550341157764085,Adams.Samuel,    0.11,    0.48,    1.15,    0.61,    0.35,    0.95,    0.96
0.1467853807887971,-0.8025968698874848,Allen.Dr,    0.00,    0.01,    0.75,    0.09,    0.44,    0.04,    0.00
1.0302398016967578,-0.09611772432732674,Appleton.Nathaniel,    0.04,    0.24,    0.93,    0.41,    0.31,    0.54,    0.41
0.3808803607018274,5.209328937062601,Ash.Gilbert,    0.98,    0.00,    0.00,    0.00,    0.00,    0.00,    0.05
0.09999335019233277,1.1127741814549157,Austin.Benjamin,    0.26,    0.08,    0.00,    0.00,    0.00,    0.04,    0.82
0.1001821073329257,1.1116947477965982,Austin.Samuel,    0.26,    0.09,    0.00,    0.00,    0.00,    0.04,    0.82
0.8077438753220968,0.4374015413484957,Avery.John,    0.26,    0.42,    0.13,    0.15,    0.03,    0.47,    1.55
0.10003511680869974,1.112965520055198,Baldwin.Cyrus,    0.26,    0.08,    0.00,    0.00,    0.00,    0.04,    0.82
0.14780249222232156,-0.7983572876003449,Ballard.John,    0.00,    0.01,    0.75,    0.09,    0.44,    0.04,    0.00
1.7771031959909604,-0.0991036238627453,Barber.Nathaniel,    0.07,    0.41,    1.62,    0.71,    0.54,    0.93,    0.71
0.19993107005688554,-4.931969127916072,Barnard.Samuel,    0.00,    0.00,    0.05,    0.00,    0.98,    0.00,    0.00
0.038803012767196915,2.293715108166155,Barrett.Samuel,    1.01,    0.02,    0.00,    0.00,    0.00,    0.00,    0.98
2.0398077341741114,-0.04708171155500331,Bass.Henry,    0.10,    0.52,    1.60,    0.77,    0.51,    1.10,    0.96
0.4459099611105058,5.2654455258107085,Bell.William,    0.98,    0.00,    0.00,    0.00,    0.00,    0.00,    0.05
0.429646127921993,5.252961139783933,Blake.Increase,    0.98,    0.00,    0.00,    0.00,    0.00,    0.00,    0.05
0.14712397145188894,-0.8016501650956753,Boit.John,    0.00,    0.01,    0.75,    0.09,    0.44,    0.04,    0.00
0.1723664849249931,-4.877367573089293,Bolter.Thomas,    0.00,    0.00,    0.05,    0.00,    0.97,    0.00,    0.00
0.10000209365322096,1.1126826635954141,Boyer.Peter,    0.26,    0.08,    0.00,    0.00,    0.00,    0.04,    0.82
0.9150062949645557,0.2635663948797534,Boynton.Richard,    0.15,    0.38,    0.27,    0.23,    0.07,    0.54,    1.10
0.0990243755232948,1.11938479074187,Brackett.Jos,    0.26,    0.08,    0.00,    0.00,    0.00,    0.04,    0.83
0.919717557092152,0.26333405845876035,Bradford.John,    0.16,    0.38,    0.27,    0.23,    0.07,    0.54,    1.10
0.20970619133397153,-4.952440751736493,Bradlee.David,    0.00,    0.00,    0.05,    0.00,    0.98,    0.00,    0.00
0.1682387872264939,-4.867101624323631,Bradlee.Josiah,    0.00,    0.00,    0.05,    0.00,    0.98,    0.00,    0.00
0.1956535711381312,-4.925236165937155,Bradlee.Nathaniel,    0.00,    0.00,    0.05,    0.00,    0.98,    0.00,    0.00
0.18415534499199562,-4.900215667912105,Bradlee.Thomas,    0.00,    0.00,    0.05,    0.00,    0.98,    0.00,    0.00
0.3852391199148635,5.2135745838156105,Bray.George,    0.98,    0.00,    0.00,    0.00,    0.00,    0.00,    0.05
0.14592517012616793,-0.8041477346900854,Breck.William,    0.00,    0.01,    0.75,    0.09,    0.44,    0.04,    0.00
0.19231380487366667,-4.9220596014986135,Bewer.James,    0.00,    0.00,    0.05,    0.00,    0.97,    0.00,    0.00
0.09921176522641915,1.1188123550993707,Brimmer.Herman,    0.26,    0.08,    0.00,    0.00,    0.00,    0.04,    0.83
0.09926166964645228,1.1161301819711225,Brimmer.Martin,    0.26,    0.08,    0.00,    0.00,    0.00,    0.04,    0.82
0.09879412760813143,1.1187033103331483,Broomfield.Henry,    0.26,    0.08,    0.00,    0.00,    0.00,    0.04,    0.82
0.40176842869063617,5.228768652232089,Brown.Hugh,    0.98,    0.00,    0.00,    0.00,    0.00,    0.00,    0.05
0.09916470644119262,1.116737632427887,Brown.Enoch,    0.26,    0.08,    0.00,    0.00,    0.00,    0.04,    0.82
0.09946137656697522,1.1148187681591688,Brown.John,    0.26,    0.08,    0.00,    0.00,    0.00,    0.04,    0.82
0.19802045611883884,-4.928689554951316,Bruce.Stephen,    0.00,    0.00,    0.05,    0.00,    0.98,    0.00,    0.00
0.4005156731524859,5.224157250145853,Burbeck.Edward,    0.99,    0.00,    0.00,    0.00,    0.00,    0.00,    0.05
0.3503485184312781,5.181498509874188,Burbeck.William,    0.97,    0.00,    0.00,    0.00,    0.00,    0.00,    0.05
0.14654954261353786,-0.8026550869785469,Burt.Benjamin,    0.00,    0.01,    0.75,    0.09,    0.44,    0.04,    0.00
0.2082752124277305,-4.9476081018234,Burton.Benjamin,    0.00,    0.00,    0.05,    0.00,    0.98,    0.00,    0.00
0.39383701550631167,5.220625463570941,Cailleteau.Edward,    0.98,    0.00,    0.00,    0.00,    0.00,    0.00,    0.05
0.363906257153813,5.192929422750472,Callendar.Elisha,    0.98,    0.00,    0.00,    0.00,    0.00,    0.00,    0.05
0.1973767282375083,-4.931434254093327,Campbell.Nicholas,    0.00,    0.00,    0.05,    0.00,    0.97,    0.00,    0.00
0.14686319774281115,-0.79945638933968,Cazneau.Capt,    0.00,    0.01,    0.75,    0.09,    0.44,    0.04,    0.00
0.14750678812490517,-0.7999137321171154,Chadwell.Mr,    0.00,    0.01,    0.75,    0.09,    0.44,    0.04,    0.00
0.14701920991846457,-0.8008678014476323,Champney.Caleb,    0.00,    0.01,    0.75,    0.09,    0.44,    0.04,    0.00
2.0408034535127157,-0.047063541137739154,Chase.Thomas,    0.10,    0.52,    1.60,    0.77,    0.51,    1.10,    0.96
1.1040680269500813,0.03969130375479567,Cheever.Ezekiel,    0.08,    0.33,    0.67,    0.38,    0.20,    0.62,    0.68
0.37530704567576467,5.203779487492646,Chipman.Seth,    0.98,    0.00,    0.00,    0.00,    0.00,    0.00,    0.05
0.14703121187488008,-0.8026715611337271,Chrysty.Thomas,    0.00,    0.01,    0.75,    0.09,    0.45,    0.04,    0.00
0.9327676723542406,-0.2514135812910613,Church.Benjamin,    0.02,    0.16,    1.30,    0.43,    0.49,    0.44,    0.22
1.71911936190755,0.006663141112830083,Clarke.Benjamin,    0.11,    0.48,    1.15,    0.61,    0.35,    0.95,    0.96
0.14688111309563637,-0.8012507342860702,Cleverly.Stephen,    0.00,    0.01,    0.75,    0.09,    0.44,    0.04,    0.00
1.0311789401497642,-0.09710803399321462,Cochran.John,    0.04,    0.24,    0.94,    0.41,    0.31,    0.54,    0.41
0.3966082568420115,5.228600863936282,Colesworthy.Gilbert,    0.97,    0.00,    0.00,    0.00,    0.00,    0.00,    0.05
0.09952547698007222,1.1150553342267098,Collier.Gershom,    0.26,    0.08,    0.00,    0.00,    0.00,    0.04,    0.82
0.09939572154575045,1.1151996729437035,Collins.Ezra,    0.26,    0.08,    0.00,    0.00,    0.00,    0.04,    0.82
0.8088531238587842,0.4352990164819833,Collson.Adam,    0.26,    0.42,    0.13,    0.15,    0.03,    0.47,    1.54
0.09942825728139079,1.1158662928393188,Condy.JamesFoster,    0.26,    0.08,    0.00,    0.00,    0.00,    0.04,    0.82
0.14874448678709062,-0.7972119602901243,Cooper.Samuel,    0.00,    0.01,    0.75,    0.09,    0.44,    0.04,    0.00
1.7782138428216043,-0.0989849789519322,Cooper.William,    0.07,    0.41,    1.62,    0.71,    0.54,    0.93,    0.71
0.19439194239362545,-4.9218763916292145,Crafts.Thomas,    0.00,    0.00,    0.05,    0.00,    0.98,    0.00,    0.00
0.038916642766289346,2.2924347040139414,Crane.John,    1.01,    0.02,    0.00,    0.00,    0.00,    0.00,    0.98
2.035823879234173,-0.04705523046215497,Davis.Caleb,    0.10,    0.52,    1.60,    0.77,    0.51,    1.09,    0.96
0.41774693864827384,5.242523844071612,Davis.Edward,    0.98,    0.00,    0.00,    0.00,    0.00,    0.00,    0.05
0.3351636041051902,5.162493673092012,Davis.Robert,    0.98,    0.00,    0.00,    0.00,    0.00,    0.00,    0.05
0.14679477873640978,-0.8011946644895471,Davis.William,    0.00,    0.01,    0.75,    0.09,    0.44,    0.04,    0.00
0.2087274760654364,-4.950318236008105,Dawes.Thomas,    0.00,    0.00,    0.05,    0.00,    0.98,    0.00,    0.00
0.10018701335765737,1.1122187892785724,Dennie.William,    0.26,    0.09,    0.00,    0.00,    0.00,    0.04,    0.82
0.913797656942736,0.26341108823510034,Deshon.Moses,    0.15,    0.38,    0.27,    0.23,    0.07,    0.54,    1.10
0.09957423769507444,1.1142466530923665,Dexter.Samuel,    0.26,    0.08,    0.00,    0.00,    0.00,    0.04,    0.82
0.9201083173786715,0.2632721399683566,Dolbear.Edward,    0.16,    0.38,    0.27,    0.23,    0.07,    0.54,    1.10
0.19676747119892077,-4.927335575149805,Doyle.Peter,    0.00,    0.00,    0.05,    0.00,    0.98,    0.00,    0.00
0.20449729212269593,-4.944170378015117,Eaton.Joseph,    0.00,    0.00,    0.05,    0.00,    0.97,    0.00,    0.00
0.18505442343528367,-4.9050797456642545,Eayres.Joseph,    0.00,    0.00,    0.05,    0.00,    0.97,    0.00,    0.00
0.19476787204783974,-4.923897849437689,Eckley.Unknown,    0.00,    0.00,    0.05,    0.00,    0.98,    0.00,    0.00
0.36278393027673705,5.190460517336087,Edes.Benjamin,    0.98,    0.00,    0.00,    0.00,    0.00,    0.00,    0.05
0.14621792789853133,-0.8021069314426715,Emmes.Samuel,    0.00,    0.01,    0.75,    0.09,    0.44,    0.04,    0.00
0.2110236781298524,-4.954988935577593,Etheridge.William,    0.00,    0.00,    0.05,    0.00,    0.98,    0.00,    0.00
0.09888077014837107,1.1194162779613053,Fenno.Samuel,    0.26,    0.08,    0.00,    0.00,    0.00,    0.04,    0.82
0.09954051641599114,1.1158483457519477,Ferrell.Ambrose,    0.26,    0.08,    0.00,    0.00,    0.00,    0.04,    0.82
0.09938322681226976,1.1159830471608356,Field.Joseph,    0.26,    0.08,    0.00,    0.00,    0.00,    0.04,    0.82
0.4225076441351219,5.249943245401718,Flagg.Josiah,    0.97,    0.00,    0.00,    0.00,    0.00,    0.00,    0.05
0.0999196488311693,1.1132874684248777,Fleet.Thomas,    0.26,    0.08,    0.00,    0.00,    0.00,    0.04,    0.82
0.09891857540642708,1.1194285205794334,Foster.Bos,    0.26,    0.08,    0.00,    0.00,    0.00,    0.04,    0.82
0.1997767481494298,-4.9345828561940355,Foster.Samuel,    0.00,    0.00,    0.05,    0.00,    0.97,    0.00,    0.00
0.4002124097536484,5.228353757825722,Frothingham.Nathaniel,    0.98,    0.00,    0.00,    0.00,    0.00,    0.00,    0.05
0.39088828517287216,5.2161770813943695,Gammell.John,    0.99,    0.00,    0.00,    0.00,    0.00,    0.00,    0.05
0.14794052995558418,-0.7980598684454339,Gill.Moses,    0.00,    0.01,    0.75,    0.09,    0.44,    0.04,    0.00
0.18998328478786727,-4.915189577271445,Gore.Samuel,    0.00,    0.00,    0.05,    0.00,    0.97,    0.00,    0.00
0.3629984282426082,5.190854794077254,Gould.William,    0.98,    0.00,    0.00,    0.00,    0.00,    0.00,    0.05
0.38270374939204505,5.210413977345488,Graham.James,    0.98,    0.00,    0.00,    0.00,    0.00,    0.00,    0.05
0.20982146826516007,-4.951973979095526,Grant.Moses,    0.00,    0.00,    0.05,    0.00,    0.98,    0.00,    0.00
0.14766179828807205,-0.7984423234871865,Gray.Wait,    0.00,    0.01,    0.75,    0.09,    0.44,    0.04,    0.00
0.14732017133482525,-0.8033135807875394,Greene.Nathaniel,    0.00,    0.01,    0.75,    0.09,    0.45,    0.04,    0.00
0.1483473686541091,-0.7980279477807234,Greenleaf.Joseph,    0.00,    0.01,    0.75,    0.09,    0.44,    0.04,    0.00
2.0354870632927775,-0.046945424366144746,Greenleaf.William,    0.10,    0.52,    1.60,    0.77,    0.51,    1.09,    0.96
1.1057666983803944,0.03957943243661044,Greenough.Newn,    0.08,    0.33,    0.67,    0.38,    0.20,    0.62,    0.68
0.4189305289821809,5.244316501846371,Ham.William,    0.98,    0.00,    0.00,    0.00,    0.00,    0.00,    0.05
0.14760972740717276,-0.7990276356819849,Hammond.Samuel,    0.00,    0.01,    0.75,    0.09,    0.44,    0.04,    0.00
0.9332488214982445,-0.25154906364150365,Hancock.Eben,    0.02,    0.16,    1.31,    0.43,    0.49,    0.44,    0.22
1.708231399906648,0.006597447209905031,Hancock.John,    0.11,    0.48,    1.14,    0.61,    0.35,    0.94,    0.95
0.14789646862954386,-0.7978781518546971,Hendley.William,    0.00,    0.01,    0.75,    0.09,    0.44,    0.04,    0.00
1.0298331194304424,-0.09705633013938632,Hewes.George,    0.04,    0.24,    0.93,    0.41,    0.31,    0.54,    0.41
0.4099803907887537,5.236357225488943,Hickling.William,    0.98,    0.00,    0.00,    0.00,    0.00,    0.00,    0.05
0.10001695561898723,1.1120106914259023,Hicks.John,    0.26,    0.08,    0.00,    0.00,    0.00,    0.04,    0.82
0.09959137625901174,1.1142096998220663,Hill.Alexander,    0.26,    0.08,    0.00,    0.00,    0.00,    0.04,    0.82
0.8106597958961584,0.43555031222842583,Hitchborn.Nathaniel,    0.26,    0.42,    0.13,    0.15,    0.03,    0.47,    1.55
0.09865650176930438,1.119791117915058,Hitchborn.Thomas,    0.26,    0.08,    0.00,    0.00,    0.00,    0.04,    0.82
0.14597485390567647,-0.8031626456130978,Hobbs.Samuel,    0.00,    0.01,    0.75,    0.09,    0.44,    0.04,    0.00
1.7691000533958916,-0.09887278240495498,Hoffins.John,    0.07,    0.41,    1.61,    0.71,    0.53,    0.92,    0.71
0.23634633540214656,-4.996373417978788,Holmes.Nathaniel,    0.00,    0.00,    0.04,    0.00,    0.98,    0.00,    0.00
0.03897486246891143,2.2869625504196613,Hooton.John,    1.01,    0.02,    0.00,    0.00,    0.00,    0.00,    0.98
2.029591690067278,-0.047367489680750385,Hopkins.Caleb,    0.10,    0.52,    1.59,    0.77,    0.50,    1.09,    0.96
0.4237519176297562,5.246851930394638,Hoskins.William,    0.98,    0.00,    0.00,    0.00,    0.00,    0.00,    0.05
0.42301499468440706,5.247465029533795,Howard.Samuel,    0.98,    0.00,    0.00,    0.00,    0.00,    0.00,    0.05
0.1472639074852128,-0.8002988422793662,Howe.Edward,    0.00,    0.01,    0.75,    0.09,    0.44,    0.04,    0.00
0.1818318697101821,-4.896898156148186,Hunnewell.Jonathan,    0.00,    0.00,    0.05,    0.00,    0.98,    0.00,    0.00
0.09984010118296252,1.1123540499481865,Hunnewell.Richard,    0.26,    0.08,    0.00,    0.00,    0.00,    0.04,    0.82
0.9188197229135253,0.2632405389001297,Hunstable.Thomas,    0.15,    0.38,    0.27,    0.23,    0.07,    0.54,    1.10
0.09949115510061432,1.1146638987383544,Hunt.Abraham,    0.26,    0.08,    0.00,    0.00,    0.00,    0.04,    0.82
0.9200178938914164,0.2628142134651712,Ingersoll.Daniel,    0.15,    0.38,    0.27,    0.23,    0.07,    0.54,    1.10
0.18935316158106885,-4.913173846097626,Inglish.Alexander,    0.00,    0.00,    0.05,    0.00,    0.98,    0.00,    0.00
0.18129510574456958,-4.898964065057143,Isaac.Pierce,    0.00,    0.00,    0.05,    0.00,    0.97,    0.00,    0.00
0.2286567964380492,-4.98563068281029,Ivers.James,    0.00,    0.00,    0.04,    0.00,    0.97,    0.00,    0.00
0.20692279601380742,-4.947739824497463,Jarvis.Edward,    0.00,    0.00,    0.05,    0.00,    0.97,    0.00,    0.00
0.39275622326574783,5.218286880610687,Jarvis.Charles,    0.99,    0.00,    0.00,    0.00,    0.00,    0.00,    0.05
0.14832343927357758,-0.7968248656832713,Jefferds.Unknown,    0.00,    0.01,    0.75,    0.09,    0.44,    0.04,    0.00
0.19713770618999954,-4.9270446000959565,Jenkins.John,    0.00,    0.00,    0.05,    0.00,    0.98,    0.00,    0.00
0.09943230419062944,1.1160423858721993,Johnston.Eben,    0.26,    0.08,    0.00,    0.00,    0.00,    0.04,    0.82
0.09962953566178548,1.1140052187131217,Johonnott.Gabriel,    0.26,    0.08,    0.00,    0.00,    0.00,    0.04,    0.82
0.09899763432981419,1.1179508455634415,Kent.Benjamin,    0.26,    0.08,    0.00,    0.00,    0.00,    0.04,    0.82
0.4119575877049055,5.2364298997789085,Kerr.Walter,    0.98,    0.00,    0.00,    0.00,    0.00,    0.00,    0.05
0.09954975756642201,1.114370975984127,Kimball.Thomas,    0.26,    0.08,    0.00,    0.00,    0.00,    0.04,    0.82
0.09870220953863733,1.119054480285651,Kinnison.David,    0.26,    0.08,    0.00,    0.00,    0.00,    0.04,    0.82
0.1873198190488868,-4.9100799267696535,Lambert.John,    0.00,    0.00,    0.05,    0.00,    0.97,    0.00,    0.00
0.35703422963941006,5.184738150394879,Lee.Joseph,    0.98,    0.00,    0.00,    0.00,    0.00,    0.00,    0.05
0.46966013195160955,5.283504385869529,Lewis.Phillip,    0.98,    0.00,    0.00,    0.00,    0.00,    0.00,    0.05
0.14640554970597716,-0.8015201768072984,Lincoln.Amos,    0.00,    0.01,    0.75,    0.09,    0.44,    0.04,    0.00
0.19274438431204008,-4.919655867881737,Loring.Matthew,    0.00,    0.00,    0.05,    0.00,    0.98,    0.00,    0.00
0.3610772665695202,5.1940954557920485,Lowell.John,    0.97,    0.00,    0.00,    0.00,    0.00,    0.00,    0.05
0.17481652957936458,-4.880449373822335,Machin.Thomas,    0.00,    0.00,    0.05,    0.00,    0.98,    0.00,    0.00
0.8044402421027719,0.10553733095961626,Mackay.William,    0.07,    0.27,    0.40,    0.25,    0.11,    0.46,    0.61
0.1988957462478209,-4.92968317753043,MacKintosh.Capt,    0.00,    0.00,    0.05,    0.00,    0.98,    0.00,    0.00
0.19550685051950975,-4.927237854927157,MacNeil.Archibald,    0.00,    0.00,    0.05,    0.00,    0.97,    0.00,    0.00
0.38473522964448537,5.213925709458191,Marett.Phillip,    0.98,    0.00,    0.00,    0.00,    0.00,    0.00,    0.05
0.41428049993715216,5.240386704989669,Marlton.John,    0.98,    0.00,    0.00,    0.00,    0.00,    0.00,    0.05
0.09958211572580575,1.1149747819698088,Marshall.Thomas,    0.26,    0.08,    0.00,    0.00,    0.00,    0.04,    0.82
0.09899654831358826,1.1181426135909176,Marson.John,    0.26,    0.08,    0.00,    0.00,    0.00,    0.04,    0.82
0.09941900232682285,1.1172399670725182,Mason.Jonathan,    0.26,    0.08,    0.00,    0.00,    0.00,    0.04,    0.83
0.14630629729331124,-0.80195239805282,Matchett.John,    0.00,    0.01,    0.75,    0.09,    0.44,    0.04,    0.00
0.17337527730066235,-4.880570860835551,May.John,    0.00,    0.00,    0.05,    0.00,    0.97,    0.00,    0.00
0.37277422140766076,5.201827216563284,McAlpine.William,    0.98,    0.00,    0.00,    0.00,    0.00,    0.00,    0.05
0.194681015492671,-4.921373507874001,Melville.Thomas,    0.00,    0.00,    0.05,    0.00,    0.98,    0.00,    0.00
0.14665564508641182,-0.8021074987347931,Merrit.John,    0.00,    0.01,    0.75,    0.09,    0.44,    0.04,    0.00
0.347535598447423,5.177772290259341,Milliken.Thomas,    0.97,    0.00,    0.00,    0.00,    0.00,    0.00,    0.05
1.173618463095311,-0.2680147123516775,Molineux.William,    0.02,    0.19,    1.72,    0.55,    0.65,    0.54,    0.26
0.3476178590358551,5.176155518819906,Moody.Samuel,    0.98,    0.00,    0.00,    0.00,    0.00,    0.00,    0.05
0.19481028571675427,-4.922882640280048,Moore.Thomas,    0.00,    0.00,    0.05,    0.00,    0.98,    0.00,    0.00
0.20942051969255687,-4.951223140453817,Morse.Anthony,    0.00,    0.00,    0.05,    0.00,    0.98,    0.00,    0.00
0.14750071285976693,-0.7996490524317287,Morton.Perez,    0.00,    0.01,    0.75,    0.09,    0.44,    0.04,    0.00
0.18730561895163184,-4.906940562228694,Mountford.Joseph,    0.00,    0.00,    0.05,    0.00,    0.98,    0.00,    0.00
0.2108140865664529,-4.954607829934704,Newell.Eliphelet,    0.00,    0.00,    0.05,    0.00,    0.98,    0.00,    0.00
0.42385544505211675,5.248183345400492,Nicholls.Unknown,    0.98,    0.00,    0.00,    0.00,    0.00,    0.00,    0.05
0.09947228705250674,1.1156405207592446,Noyces.Nat,    0.26,    0.08,    0.00,    0.00,    0.00,    0.04,    0.82
0.39446016456043675,5.221512286955545,Obear.Israel,    0.98,    0.00,    0.00,    0.00,    0.00,    0.00,    0.05
1.278334181902473,-0.0472300395098497,Otis.James,    0.06,    0.32,    1.00,    0.48,    0.32,    0.69,    0.60
0.4317361595716416,5.2542860449094935,Palfrey.William,    0.98,    0.00,    0.00,    0.00,    0.00,    0.00,    0.05
0.22290328458665545,-4.973378196667011,Palmer.Joseph,    0.00,    0.00,    0.04,    0.00,    0.98,    0.00,    0.00
0.14688787601057085,-0.8015145200908902,Palms.Richard,    0.00,    0.01,    0.75,    0.09,    0.44,    0.04,    0.00
0.20301810868286418,-4.937680036872125,Parker.Jonathan,    0.00,    0.00,    0.05,    0.00,    0.98,    0.00,    0.00
1.1044499708533635,0.03994243142815135,Parkman.Elias,    0.08,    0.33,    0.67,    0.38,    0.20,    0.62,    0.68
0.09873420400762625,1.1192289878290693,Partridge.Sam,    0.26,    0.08,    0.00,    0.00,    0.00,    0.04,    0.82
0.18212137022046598,-4.898165000324843,Payson.Joseph,    0.00,    0.00,    0.05,    0.00,    0.98,    0.00,    0.00
0.14770336074876553,-0.7997824762497895,Pearce.IsaacJun,    0.00,    0.01,    0.75,    0.09,    0.44,    0.04,    0.00
0.1467489011450838,-0.8020301288049011,Pearce.Isaac,    0.00,    0.01,    0.75,    0.09,    0.44,    0.04,    0.00
2.580969713442713,0.12715323438832124,Peck.Samuel,    0.26,    0.88,    1.19,    0.79,    0.33,    1.49,    2.09
0.146446494346334,-0.8027042669185499,Peck.Thomas,    0.00,    0.01,    0.75,    0.09,    0.44,    0.04,    0.00
0.19059362800188495,-4.91707840769415,Peters.John,    0.00,    0.00,    0.05,    0.00,    0.97,    0.00,    0.00
0.4050967083171911,5.234749837317863,Phillips.John,    0.97,    0.00,    0.00,    0.00,    0.00,    0.00,    0.05
0.8838062377228665,-0.1624951570059502,Phillips.Samuel,    0.03,    0.18,    0.97,    0.38,    0.34,    0.44,    0.29
0.09913089612913592,1.1167783438494092,Phillips.William,    0.26,    0.08,    0.00,    0.00,    0.00,    0.04,    0.82
0.2106390899333253,-4.952945415325323,Pierce.William,    0.00,    0.00,    0.05,    0.00,    0.98,    0.00,    0.00
0.8055541900159127,0.10535297878031719,Pierpont.Robert,    0.07,    0.27,    0.40,    0.25,    0.11,    0.46,    0.61
0.09902949714672113,1.1173327903530057,Pitts.John,    0.26,    0.08,    0.00,    0.00,    0.00,    0.04,    0.82
0.18759025193735923,-4.910309662806198,Pitts.Lendall,    0.00,    0.00,    0.05,    0.00,    0.97,    0.00,    0.00
0.09924890219578114,1.117079517562095,Pitts.Samuel,    0.26,    0.08,    0.00,    0.00,    0.00,    0.04,    0.82
0.20209654299294544,-4.937945101716506,Porter.Thomas,    0.00,    0.00,    0.05,    0.00,    0.98,    0.00,    0.00
0.3413099188543839,5.172367843179882,Potter.Edward,    0.97,    0.00,    0.00,    0.00,    0.00,    0.00,    0.05
0.9191719322736366,0.26286409197305677,Powell.William,    0.15,    0.38,    0.27,    0.23,    0.07,    0.54,    1.10
0.1908757658439223,-4.914270270737758,Prentiss.Henry,    0.00,    0.00,    0.05,    0.00,    0.98,    0.00,    0.00
0.17448271111803487,-4.883401983780331,Prince.John,    0.00,    0.00,    0.05,    0.00,    0.97,    0.00,    0.00
0.09975850709299948,1.1131879184546785,Prince.Job,    0.26,    0.08,    0.00,    0.00,    0.00,    0.04,    0.82
1.5362913562146672,-0.11994650055110374,Proctor.Edward,    0.06,    0.34,    1.49,    0.63,    0.50,    0.79,    0.57
1.10319099650643,0.039952652902600506,Pulling.John,    0.08,    0.33,    0.67,    0.38,    0.20,    0.62,    0.68
0.35051412258639886,5.178179600335432,Pulling.Richard,    0.98,    0.00,    0.00,    0.00,    0.00,    0.00,    0.05
0.18492002586159526,-4.903133581604603,Purkitt.Henry,    0.00,    0.00,    0.05,    0.00,    0.98,    0.00,    0.00
1.2789079825752359,-0.04710333630637474,Quincy.Josiah,    0.06,    0.33,    1.00,    0.48,    0.32,    0.69,    0.60
0.1978100580375127,-4.9294641980576195,Randall.John,    0.00,    0.00,    0.05,    0.00,    0.98,    0.00,    0.00
3.046134635599678,0.1048353172848894,Revere.Paul,    0.28,    1.00,    1.50,    0.96,    0.42,    1.74,    2.30
0.20338952605125799,-4.940418710864245,Roby.Joseph,    0.00,    0.00,    0.05,    0.00,    0.98,    0.00,    0.00
0.09905846770275967,1.1181297800945305,Roylson.Thomas,    0.26,    0.08,    0.00,    0.00,    0.00,    0.04,    0.82
1.1076710038573945,0.04019700605890051,Ruddock.Abiel,    0.08,    0.33,    0.67,    0.38,    0.20,    0.62,    0.69
0.1843406150199342,-4.902053617282786,Russell.John,    0.00,    0.00,    0.05,    0.00,    0.98,    0.00,    0.00
0.2145596021110443,-4.9599587030331564,Russell.William,    0.00,    0.00,    0.05,    0.00,    0.98,    0.00,    0.00
0.18895984254180795,-4.912203781527322,Sessions.Robert,    0.00,    0.00,    0.05,    0.00,    0.98,    0.00,    0.00
0.3818007296761564,5.214555578930324,Seward.James,    0.97,    0.00,    0.00,    0.00,    0.00,    0.00,    0.05
0.14772913922014536,-0.7988678336392985,Sharp.Gibbens,    0.00,    0.01,    0.75,    0.09,    0.44,    0.04,    0.00
0.18358324211303098,-4.903235988043721,Shed.Joseph,    0.00,    0.00,    0.05,    0.00,    0.97,    0.00,    0.00
0.1477923785077797,-0.7987968587320331,Sigourney.John,    0.00,    0.01,    0.75,    0.09,    0.44,    0.04,    0.00
0.1523759258739399,-4.827384899603717,Simpson.Benjamin,    0.00,    0.00,    0.05,    0.00,    0.98,    0.00,    0.00
0.2161383568653442,-4.962539317106021,Slater.Peter,    0.00,    0.00,    0.04,    0.00,    0.98,    0.00,    0.00
0.37294537031457264,5.2032164788545,Sloper.Ambrose,    0.97,    0.00,    0.00,    0.00,    0.00,    0.00,    0.05
0.7955682962955718,0.3557840759824176,Smith.John,    0.19,    0.38,    0.17,    0.17,    0.04,    0.47,    1.23
0.22395815790246834,-4.976607961064487,Spear.Thomas,    0.00,    0.00,    0.04,    0.00,    0.98,    0.00,    0.00
0.1826117929863606,-4.899311161850188,Sprague.Samuel,    0.00,    0.00,    0.05,    0.00,    0.98,    0.00,    0.00
0.16914293840709504,-4.8693554503719385,Spurr.John,    0.00,    0.00,    0.05,    0.00,    0.98,    0.00,    0.00
0.3534424939856639,5.183121007694062,Stanbridge.Henry,    0.98,    0.00,    0.00,    0.00,    0.00,    0.00,    0.05
0.18337863720567082,-4.901307767032004,Starr.James,    0.00,    0.00,    0.05,    0.00,    0.97,    0.00,    0.00
0.20037430164458875,-4.938758094469804,Stearns.Phineas,    0.00,    0.00,    0.05,    0.00,    0.97,    0.00,    0.00
0.18694398868946785,-4.910712737651556,Stevens.Ebenezer,    0.00,    0.00,    0.05,    0.00,    0.97,    0.00,    0.00
0.14736630137116238,-0.802716805332402,Stoddard.Asa,    0.00,    0.01,    0.75,    0.09,    0.45,    0.04,    0.00
0.1480572835010399,-0.7975749591855638,Stoddard.Jonathan,    0.00,    0.01,    0.75,    0.09,    0.44,    0.04,    0.00
0.06131160321742136,-1.5258796461392374,Story.Elisha,    0.00,    0.00,    0.95,    0.03,    1.04,    0.00,    0.00
0.06157923337314107,-1.522589420565958,Swan.James,    0.00,    0.00,    0.95,    0.03,    1.03,    0.00,    0.00
0.8009477114384594,0.10549390850877055,Sweetser.John,    0.07,    0.26,    0.39,    0.25,    0.11,    0.46,    0.61
0.1476187749727808,-0.7981355207372304,Symmes.Eben,    0.00,    0.01,    0.75,    0.09,    0.44,    0.04,    0.00
0.14700014220048746,-0.8007372231460181,Symmes.John,    0.00,    0.01,    0.75,    0.09,    0.44,    0.04,    0.00
0.4816178066040854,5.2950211723469565,Tabor.Philip,    0.98,    0.00,    0.00,    0.00,    0.00,    0.00,    0.05
0.14671582823047438,-0.8017641406961566,Tileston.Thomas,    0.00,    0.01,    0.75,    0.09,    0.44,    0.04,    0.00
0.7963286265180218,0.35457947983188975,Trott.George,    0.19,    0.38,    0.17,    0.17,    0.04,    0.47,    1.23
0.8842519974514964,-0.16288361342193658,Tyler.Royall,    0.03,    0.18,    0.97,    0.38,    0.34,    0.44,    0.29
2.730894814098039,0.10926027005493916,Urann.Thomas,    0.25,    0.91,    1.33,    0.85,    0.37,    1.57,    2.09
0.09910379041758288,1.117288914078904,Vernon.Fortesque,    0.26,    0.08,    0.00,    0.00,    0.00,    0.04,    0.82
0.0996301735408564,1.1158936408227345,Waldo.Benjamin,    0.26,    0.08,    0.00,    0.00,    0.00,    0.04,    0.83
2.2335491241344467,0.2296064411827081,Warren.Joseph,    0.33,    0.89,    0.74,    0.59,    0.19,    1.31,    2.43
0.3537769421259552,5.185579291673627,Webb.Joseph,    0.97,    0.00,    0.00,    0.00,    0.00,    0.00,    0.05
0.32749104825031033,5.1560243990892,Webster.Thomas,    0.97,    0.00,    0.00,    0.00,    0.00,    0.00,    0.05
0.6279967370058996,0.7497404739082432,Welles.Henry,    0.57,    0.44,    0.03,    0.06,    0.01,    0.33,    2.54
0.9177763446913239,0.2631700181606397,Wendell.Oliver,    0.15,    0.38,    0.27,    0.23,    0.07,    0.54,    1.10
0.19177522944310757,-4.917322351908979,Wheeler.Josiah,    0.00,    0.00,    0.05,    0.00,    0.98,    0.00,    0.00
0.14676306249005103,-0.8008262311244044,White.Samuel,    0.00,    0.01,    0.75,    0.09,    0.44,    0.04,    0.00
0.38580430784795644,5.217670800903716,Whitten.John,    0.97,    0.00,    0.00,    0.00,    0.00,    0.00,    0.05
0.09913770808137168,1.1175141731321259,Whitwell.Samuel,    0.26,    0.08,    0.00,    0.00,    0.00,    0.04,    0.82
0.0988127723930257,1.1194643509681539,Whitwell.William,    0.26,    0.08,    0.00,    0.00,    0.00,    0.04,    0.82
0.2234062150312519,-4.976176458049307,Williams.Jeremiah,    0.00,    0.00,    0.04,    0.00,    0.98,    0.00,    0.00
0.09921829224747336,1.1178251955571459,Williams.Jonathan,    0.26,    0.08,    0.00,    0.00,    0.00,    0.04,    0.82
0.1938685596540984,-4.92663698427123,Williams.Thomas,    0.00,    0.00,    0.05,    0.00,    0.97,    0.00,    0.00
0.20088516913714222,-4.936322041981761,Willis.Nathaniel,    0.00,    0.00,    0.05,    0.00,    0.98,    0.00,    0.00
0.32722077414542455,5.155029827903008,Wingfield.William,    0.97,    0.00,    0.00,    0.00,    0.00,    0.00,    0.05
0.8840803506173919,-0.16278256713083922,Winslow.John,    0.03,    0.18,    0.97,    0.38,    0.34,    0.44,    0.29
1.1025951385291004,0.039472674490436274,Winthrop.John,    0.08,    0.33,    0.67,    0.38,    0.20,    0.62,    0.68
0.19027236289596533,-4.9144432819447745,Wyeth.Joshua,    0.00,    0.00,    0.05,    0.00,    0.98,    0.00,    0.00
1.167377607989129,-0.2687725780366036,Young.Thomas,    0.02,    0.19,    1.71,    0.55,    0.65,    0.54,    0.26
